Tipo,Data,Cliente/Descrição,Valor,Observacao
ASAAS - Não encontrado em Advbox,2026-09-09,Caixa Economica Federal (fatura 906142104),11988.86,TED Recebida - Pode corresponder a: LUCAS MONTEIRO GAZEL em Advbox
ASAAS - Não encontrado em Advbox,2026-09-09,Caixa Economica Federal (fatura 905869074),3388.64,TED Recebida - Pode corresponder a: WELITON LOPES DE OLIVEIRA em Advbox
ASAAS - Não encontrado em Advbox,2026-09-09,CARLOS ALBERTO DOS SANTOS FERREIRA,100.50,Antecipação de fatura
ASAAS - Não encontrado em Advbox,2026-09-09,ELISABETH BRITTO DA COSTA,374.25,Antecipação de fatura
ASAAS - Não encontrado em Advbox,2026-09-09,MARINETE GERALDA DA SILVA,100.50,Antecipação de fatura
ASAAS - Não encontrado em Advbox,2026-09-09,CARLOS ALBERTO DOS SANTOS FERREIRA,100.50,Cobrança recebida
ASAAS - Não encontrado em Advbox,2026-09-09,ELISABETH BRITTO DA COSTA,374.25,Cobrança recebida
ASAAS - Não encontrado em Advbox,2026-09-09,MARINETE GERALDA DA SILVA,100.50,Cobrança recebida
ADVBOX - Não encontrado em Asaas,2026-09-09,LUCAS MONTEIRO GAZEL,11988.86,Receita de Honorários Sucumbenciais
ADVBOX - Não encontrado em Asaas,2026-09-09,WELITON LOPES DE OLIVEIRA,3388.64,Receita de Honorários Contratuais
ADVBOX - Não encontrado em Asaas,2026-09-09,TAXA DE COMUNICAÇÃO - CONSOLIDADO,0.55,Despesa consolidada
ADVBOX - Não encontrado em Asaas,2026-09-09,TAXA DE ANTECIPAÇÃO - CONSOLIDADO,18.21,Despesa consolidada
